,date,title,category,url,categories,children,hate_speech,health_disinfo,political_disinfo,safety
0,2023-12-01 14:00:00+00:00,Seizing the AI opportunity in Europe,Public Policy,https://blog.google/outreach-initiatives/public-policy/seizing-the-ai-opportunity-in-europe/,"['hate_speech', 'health_disinfo', 'political_disinfo', 'safety']",0,1,0,0,0
0,2023-12-01 14:00:00+00:00,Seizing the AI opportunity in Europe,Public Policy,https://blog.google/outreach-initiatives/public-policy/seizing-the-ai-opportunity-in-europe/,"['hate_speech', 'health_disinfo', 'political_disinfo', 'safety']",0,0,1,0,0
0,2023-12-01 14:00:00+00:00,Seizing the AI opportunity in Europe,Public Policy,https://blog.google/outreach-initiatives/public-policy/seizing-the-ai-opportunity-in-europe/,"['hate_speech', 'health_disinfo', 'political_disinfo', 'safety']",0,0,0,1,0
0,2023-12-01 14:00:00+00:00,Seizing the AI opportunity in Europe,Public Policy,https://blog.google/outreach-initiatives/public-policy/seizing-the-ai-opportunity-in-europe/,"['hate_speech', 'health_disinfo', 'political_disinfo', 'safety']",0,0,0,0,1
1,2023-11-17 23:00:00+00:00,Key takeaways from the Search trial,Public Policy,https://blog.google/outreach-initiatives/public-policy/key-takeaways-from-the-search-trial/,[],0,0,0,0,0
2,2023-11-14 10:00:00+00:00,An opportunity agenda for AI,Public Policy,https://blog.google/outreach-initiatives/public-policy/google-ai-opportunity-agenda/,['safety'],0,0,0,0,1
3,2023-11-13 17:00:00+00:00,How Google is partnering to fight fraud and improve app safety,Public Policy,https://blog.google/outreach-initiatives/public-policy/how-google-is-partnering-to-fight-fraud-and-improve-app-safety/,"['health_disinfo', 'political_disinfo', 'safety']",0,0,1,0,0
3,2023-11-13 17:00:00+00:00,How Google is partnering to fight fraud and improve app safety,Public Policy,https://blog.google/outreach-initiatives/public-policy/how-google-is-partnering-to-fight-fraud-and-improve-app-safety/,"['health_disinfo', 'political_disinfo', 'safety']",0,0,0,1,0
3,2023-11-13 17:00:00+00:00,How Google is partnering to fight fraud and improve app safety,Public Policy,https://blog.google/outreach-initiatives/public-policy/how-google-is-partnering-to-fight-fraud-and-improve-app-safety/,"['health_disinfo', 'political_disinfo', 'safety']",0,0,0,0,1
4,2023-11-13 11:00:00+00:00,Taking legal action to protect users of AI and small businesses,Public Policy,https://blog.google/outreach-initiatives/public-policy/taking-legal-action-to-protect-users-of-ai-and-small-businesses/,['safety'],0,0,0,0,1
5,2023-11-10 12:00:00+00:00,Google at APEC 2023,Public Policy,https://blog.google/outreach-initiatives/public-policy/google-at-apec-2023/,[],0,0,0,0,0
6,2023-11-02 19:00:00+00:00,Maintaining choice and opportunity on Android and Google Play,Public Policy,https://blog.google/outreach-initiatives/public-policy/maintaining-choice-and-opportunity-on-android-and-google-play/,"['health_disinfo', 'safety']",0,0,1,0,0
6,2023-11-02 19:00:00+00:00,Maintaining choice and opportunity on Android and Google Play,Public Policy,https://blog.google/outreach-initiatives/public-policy/maintaining-choice-and-opportunity-on-android-and-google-play/,"['health_disinfo', 'safety']",0,0,0,0,1
7,2023-10-26 12:00:00+00:00,Acting on our commitment to safe and secure AI,Safety & Security,https://blog.google/technology/safety-security/google-ai-security-expansion/,['safety'],0,0,0,0,1
8,2023-10-25 10:00:00+00:00,"Anthropic, Google, Microsoft and OpenAI announce Executive Director of the Frontier Model Forum and over $10 million for a new AI Safety Fund",Public Policy,https://blog.google/outreach-initiatives/public-policy/google-microsoft-anthropic-open-ai-frontier-model-forum-executive-director/,['safety'],0,0,0,0,1
9,2023-10-16 13:00:00+00:00,A policy framework to protect children and teens online,Public Policy,https://blog.google/outreach-initiatives/public-policy/google-legislation-framework-children-teens-safety/,"['children', 'health_disinfo', 'safety']",1,0,0,0,0
9,2023-10-16 13:00:00+00:00,A policy framework to protect children and teens online,Public Policy,https://blog.google/outreach-initiatives/public-policy/google-legislation-framework-children-teens-safety/,"['children', 'health_disinfo', 'safety']",0,0,1,0,0
9,2023-10-16 13:00:00+00:00,A policy framework to protect children and teens online,Public Policy,https://blog.google/outreach-initiatives/public-policy/google-legislation-framework-children-teens-safety/,"['children', 'health_disinfo', 'safety']",0,0,0,0,1
10,2023-10-10 16:00:00+00:00,Update on Sonos’ misleading patent campaign,Public Policy,https://blog.google/outreach-initiatives/public-policy/google-home-sonos-patent-update/,[],0,0,0,0,0
11,2023-09-21 22:00:00+00:00,Google at the 2023 United Nations General Assembly,Public Policy,https://blog.google/outreach-initiatives/public-policy/google-at-the-2023-united-nations-general-assembly/,"['health_disinfo', 'safety']",0,0,1,0,0
11,2023-09-21 22:00:00+00:00,Google at the 2023 United Nations General Assembly,Public Policy,https://blog.google/outreach-initiatives/public-policy/google-at-the-2023-united-nations-general-assembly/,"['health_disinfo', 'safety']",0,0,0,0,1
12,2023-09-08 10:00:00+00:00,People use Google because it's helpful,Public Policy,https://blog.google/outreach-initiatives/public-policy/response-us-v-google/,[],0,0,0,0,0
13,2023-09-06 11:00:00+00:00,Building for compliance with the Digital Markets Act,Public Policy,https://blog.google/outreach-initiatives/public-policy/building-for-compliance-with-the-digital-markets-act/,['safety'],0,0,0,0,1
14,2023-08-17 07:00:00+00:00,Announcing the new Transparency Center,Company announcements,https://blog.google/inside-google/company-announcements/google-transparency-center/,['safety'],0,0,0,0,1
15,2023-08-04 19:15:00+00:00,Court dismisses state AG claims about Google Search,Public Policy,https://blog.google/outreach-initiatives/public-policy/court-dismisses-state-ag-claims-about-google-search/,[],0,0,0,0,0
16,2023-07-26 10:00:00+00:00,Frontier Model Forum: A new partnership to promote responsible AI,Public Policy,https://blog.google/outreach-initiatives/public-policy/google-microsoft-openai-anthropic-frontier-model-forum/,['safety'],0,0,0,0,1
17,2023-07-21 09:15:00+00:00,"Our commitment to advancing bold and responsible AI, together",Public Policy,https://blog.google/outreach-initiatives/public-policy/our-commitment-to-advancing-bold-and-responsible-ai-together/,"['health_disinfo', 'political_disinfo', 'safety']",0,0,1,0,0
17,2023-07-21 09:15:00+00:00,"Our commitment to advancing bold and responsible AI, together",Public Policy,https://blog.google/outreach-initiatives/public-policy/our-commitment-to-advancing-bold-and-responsible-ai-together/,"['health_disinfo', 'political_disinfo', 'safety']",0,0,0,1,0
17,2023-07-21 09:15:00+00:00,"Our commitment to advancing bold and responsible AI, together",Public Policy,https://blog.google/outreach-initiatives/public-policy/our-commitment-to-advancing-bold-and-responsible-ai-together/,"['health_disinfo', 'political_disinfo', 'safety']",0,0,0,0,1
18,2023-06-29 17:00:00+00:00,Our approach to news regulation,News,https://blog.google/products/news/google-news-regulation/,"['hate_speech', 'health_disinfo', 'political_disinfo']",0,1,0,0,0
18,2023-06-29 17:00:00+00:00,Our approach to news regulation,News,https://blog.google/products/news/google-news-regulation/,"['hate_speech', 'health_disinfo', 'political_disinfo']",0,0,1,0,0
18,2023-06-29 17:00:00+00:00,Our approach to news regulation,News,https://blog.google/products/news/google-news-regulation/,"['hate_speech', 'health_disinfo', 'political_disinfo']",0,0,0,1,0
19,2023-06-16 10:00:00+00:00,We're taking legal action to stop fake review scams,Public Policy,https://blog.google/outreach-initiatives/public-policy/legal-action-stop-fake-review-scams/,['safety'],0,0,0,0,1
20,2023-06-14 14:55:00+00:00,Today’s European Commission announcement about our advertising technology,Google in Europe,https://blog.google/around-the-globe/google-europe/todays-european-commission-announcement-about-our-advertising-technology/,[],0,0,0,0,0
21,2023-05-12 17:00:00+00:00,Protecting people’s privacy on health topics,Safety & Security,https://blog.google/technology/safety-security/protecting-peoples-privacy-on-health-topics/,"['health_disinfo', 'safety']",0,0,1,0,0
21,2023-05-12 17:00:00+00:00,Protecting people’s privacy on health topics,Safety & Security,https://blog.google/technology/safety-security/protecting-peoples-privacy-on-health-topics/,"['health_disinfo', 'safety']",0,0,0,0,1
22,2023-03-28 10:00:00+00:00,Protecting and advancing democracy online,Public Policy,https://blog.google/outreach-initiatives/public-policy/protecting-and-advancing-democracy-online/,"['health_disinfo', 'political_disinfo', 'safety']",0,0,1,0,0
22,2023-03-28 10:00:00+00:00,Protecting and advancing democracy online,Public Policy,https://blog.google/outreach-initiatives/public-policy/protecting-and-advancing-democracy-online/,"['health_disinfo', 'political_disinfo', 'safety']",0,0,0,1,0
22,2023-03-28 10:00:00+00:00,Protecting and advancing democracy online,Public Policy,https://blog.google/outreach-initiatives/public-policy/protecting-and-advancing-democracy-online/,"['health_disinfo', 'political_disinfo', 'safety']",0,0,0,0,1
23,2023-02-24 19:50:00+00:00,Updates on our support for Ukraine,Public Policy,https://blog.google/outreach-initiatives/public-policy/updates-google-support-for-ukraine/,"['health_disinfo', 'political_disinfo']",0,0,1,0,0
23,2023-02-24 19:50:00+00:00,Updates on our support for Ukraine,Public Policy,https://blog.google/outreach-initiatives/public-policy/updates-google-support-for-ukraine/,"['health_disinfo', 'political_disinfo']",0,0,0,1,0
24,2023-02-16 15:00:00+00:00,Google returns to the Munich Security Conference,Public Policy,https://blog.google/outreach-initiatives/public-policy/google-returns-to-the-munich-security-conference/,"['health_disinfo', 'political_disinfo', 'safety']",0,0,1,0,0
24,2023-02-16 15:00:00+00:00,Google returns to the Munich Security Conference,Public Policy,https://blog.google/outreach-initiatives/public-policy/google-returns-to-the-munich-security-conference/,"['health_disinfo', 'political_disinfo', 'safety']",0,0,0,1,0
24,2023-02-16 15:00:00+00:00,Google returns to the Munich Security Conference,Public Policy,https://blog.google/outreach-initiatives/public-policy/google-returns-to-the-munich-security-conference/,"['health_disinfo', 'political_disinfo', 'safety']",0,0,0,0,1
25,2023-01-24 19:58:00+00:00,DOJ’s lawsuit ignores the enormous competition in the online advertising industry,Public Policy,https://blog.google/outreach-initiatives/public-policy/doj-ad-tech-lawsuit-response/,[],0,0,0,0,0
26,2023-01-12 20:00:00+00:00,"Gonzalez v Google and the future of an open, free and safe internet",Public Policy,https://blog.google/outreach-initiatives/public-policy/gonzalez-v-google-and-the-future-of-an-open-free-and-safe-internet/,['safety'],0,0,0,0,1
27,2022-12-21 20:00:00+00:00,Our ongoing commitment to human rights,Public Policy,https://blog.google/outreach-initiatives/public-policy/our-ongoing-commitment-to-human-rights/,"['health_disinfo', 'political_disinfo', 'safety']",0,0,1,0,0
27,2022-12-21 20:00:00+00:00,Our ongoing commitment to human rights,Public Policy,https://blog.google/outreach-initiatives/public-policy/our-ongoing-commitment-to-human-rights/,"['health_disinfo', 'political_disinfo', 'safety']",0,0,0,1,0
27,2022-12-21 20:00:00+00:00,Our ongoing commitment to human rights,Public Policy,https://blog.google/outreach-initiatives/public-policy/our-ongoing-commitment-to-human-rights/,"['health_disinfo', 'political_disinfo', 'safety']",0,0,0,0,1
28,2022-12-01 17:30:00+00:00,New ways we're supporting Ukraine,Public Policy,https://blog.google/outreach-initiatives/public-policy/new-ways-were-supporting-ukraine/,"['health_disinfo', 'political_disinfo']",0,0,1,0,0
28,2022-12-01 17:30:00+00:00,New ways we're supporting Ukraine,Public Policy,https://blog.google/outreach-initiatives/public-policy/new-ways-were-supporting-ukraine/,"['health_disinfo', 'political_disinfo']",0,0,0,1,0
29,2022-11-18 15:45:00+00:00,A ruling in our legal case against the Glupteba botnet,Public Policy,https://blog.google/outreach-initiatives/public-policy/a-ruling-in-our-legal-case-against-the-glupteba-botnet/,[],0,0,0,0,0
30,2022-11-14 17:00:00+00:00,Managing your location data,Public Policy,https://blog.google/outreach-initiatives/public-policy/managing-your-location-data/,[],0,0,0,0,0
31,2022-10-27 16:00:00+00:00,Why Google supports the US Securing Open Source Software Act,Safety & Security,https://blog.google/technology/safety-security/why-google-supports-the-us-securing-open-source-software-act/,['safety'],0,0,0,0,1
32,2022-10-26 08:30:00+00:00,"In Madrid, a pitch for “open security”",Public Policy,https://blog.google/outreach-initiatives/public-policy/in-madrid-a-pitch-for-open-security/,['safety'],0,0,0,0,1
33,2022-10-12 18:30:00+00:00,A $100 billion opportunity to boost digital exports in Latin America,Public Policy,https://blog.google/outreach-initiatives/public-policy/a-100-billion-opportunity-to-boost-digital-exports-in-latin-america/,[],0,0,0,0,0
34,2022-10-10 08:00:00+00:00,A pilot program to build a diverse pool of policy experts,Diversity and Inclusion,https://blog.google/outreach-initiatives/diversity/a-pilot-program-to-build-a-diverse-pool-of-policy-experts/,[],0,0,0,0,0
35,2022-09-22 16:30:00+00:00,Google at the 2022 United Nations General Assembly,Public Policy,https://blog.google/outreach-initiatives/public-policy/google-at-the-2022-united-nations-general-assembly/,"['health_disinfo', 'political_disinfo']",0,0,1,0,0
35,2022-09-22 16:30:00+00:00,Google at the 2022 United Nations General Assembly,Public Policy,https://blog.google/outreach-initiatives/public-policy/google-at-the-2022-united-nations-general-assembly/,"['health_disinfo', 'political_disinfo']",0,0,0,1,0
36,2022-09-21 13:30:00+00:00,Sprinting towards a more  equitable and sustainable future,Public Policy,https://blog.google/outreach-initiatives/public-policy/sprinting-towards-a-more-equitable-and-sustainable-future/,[],0,0,0,0,0
37,2022-09-13 23:59:00+00:00,The Court’s decision to dismiss much of the Texas AG’s antitrust case,Public Policy,https://blog.google/outreach-initiatives/public-policy/the-courts-decision-to-dismiss-much-of-the-texas-ags-antitrust-case/,[],0,0,0,0,0
38,2022-07-28 09:15:00+00:00,Our support for the Economic Opportunity Coalition,Public Policy,https://blog.google/outreach-initiatives/public-policy/our-support-for-the-economic-opportunity-coalition/,['health_disinfo'],0,0,1,0,0
39,2022-07-27 15:30:00+00:00,Our new office is a love letter to Atlanta,Company announcements,https://blog.google/inside-google/company-announcements/atlanta-office/,[],0,0,0,0,0
40,2022-07-19 23:00:00+00:00,Transparency in the shadowy world of cyberattacks,Public Policy,https://blog.google/outreach-initiatives/public-policy/transparency-in-the-shadowy-world-of-cyberattacks/,"['health_disinfo', 'political_disinfo', 'safety']",0,0,1,0,0
40,2022-07-19 23:00:00+00:00,Transparency in the shadowy world of cyberattacks,Public Policy,https://blog.google/outreach-initiatives/public-policy/transparency-in-the-shadowy-world-of-cyberattacks/,"['health_disinfo', 'political_disinfo', 'safety']",0,0,0,1,0
40,2022-07-19 23:00:00+00:00,Transparency in the shadowy world of cyberattacks,Public Policy,https://blog.google/outreach-initiatives/public-policy/transparency-in-the-shadowy-world-of-cyberattacks/,"['health_disinfo', 'political_disinfo', 'safety']",0,0,0,0,1
41,2022-07-18 13:00:00+00:00,Google and the Global Cross Border Privacy Rules,Public Policy,https://blog.google/outreach-initiatives/public-policy/google-and-the-global-cross-border-privacy-rules/,['health_disinfo'],0,0,1,0,0
42,2022-06-30 23:55:00+00:00,Google and U.S. developers find agreement over Google Play store,Public Policy,https://blog.google/outreach-initiatives/public-policy/google-and-us-developers-find-agreement-over-google-play-store/,['safety'],0,0,0,0,1
43,2022-06-24 07:00:00+00:00,How tech can support transformational growth in Africa,,https://blog.google/around-the-globe/google-africa/supporting-growth-in-africa/,['health_disinfo'],0,0,1,0,0
44,2022-06-23 21:00:00+00:00,It’s time for more transparency around government data demands,Public Policy,https://blog.google/outreach-initiatives/public-policy/its-time-for-more-transparency-around-government-data-demands/,['safety'],0,0,0,0,1
45,2022-06-10 11:00:00+00:00,Google at the Copenhagen Democracy Summit,Public Policy,https://blog.google/outreach-initiatives/public-policy/google-at-the-copenhagen-democracy-summit/,"['health_disinfo', 'political_disinfo', 'safety']",0,0,1,0,0
45,2022-06-10 11:00:00+00:00,Google at the Copenhagen Democracy Summit,Public Policy,https://blog.google/outreach-initiatives/public-policy/google-at-the-copenhagen-democracy-summit/,"['health_disinfo', 'political_disinfo', 'safety']",0,0,0,1,0
45,2022-06-10 11:00:00+00:00,Google at the Copenhagen Democracy Summit,Public Policy,https://blog.google/outreach-initiatives/public-policy/google-at-the-copenhagen-democracy-summit/,"['health_disinfo', 'political_disinfo', 'safety']",0,0,0,0,1
46,2022-06-07 09:30:00+00:00,How Congress’ anti-tech bill undermines security,Public Policy,https://blog.google/outreach-initiatives/public-policy/how-congress-anti-tech-bill-undermines-security/,"['health_disinfo', 'political_disinfo', 'safety']",0,0,1,0,0
46,2022-06-07 09:30:00+00:00,How Congress’ anti-tech bill undermines security,Public Policy,https://blog.google/outreach-initiatives/public-policy/how-congress-anti-tech-bill-undermines-security/,"['health_disinfo', 'political_disinfo', 'safety']",0,0,0,1,0
46,2022-06-07 09:30:00+00:00,How Congress’ anti-tech bill undermines security,Public Policy,https://blog.google/outreach-initiatives/public-policy/how-congress-anti-tech-bill-undermines-security/,"['health_disinfo', 'political_disinfo', 'safety']",0,0,0,0,1
47,2022-06-03 07:00:00+00:00,Advancing security across Central and Eastern Europe,Safety & Security,https://blog.google/technology/safety-security/advancing-security-across-central-and-eastern-europe/,['safety'],0,0,0,0,1
48,2022-05-23 09:00:00+00:00,A framework for Asia-Pacific’s digital growth,Public Policy,https://blog.google/outreach-initiatives/public-policy/a-framework-for-asias-digital-growth/,"['hate_speech', 'safety']",0,1,0,0,0
48,2022-05-23 09:00:00+00:00,A framework for Asia-Pacific’s digital growth,Public Policy,https://blog.google/outreach-initiatives/public-policy/a-framework-for-asias-digital-growth/,"['hate_speech', 'safety']",0,0,0,0,1
49,2022-05-20 23:59:00+00:00,The facts about the temporary Match Group agreement,Public Policy,https://blog.google/outreach-initiatives/public-policy/the-facts-about-the-temporary-match-group-agreement/,[],0,0,0,0,0
50,2022-05-17 10:45:00+00:00,Building a secure world,Safety & Security,https://blog.google/technology/safety-security/building-a-secure-world/,"['political_disinfo', 'safety']",0,0,0,1,0
50,2022-05-17 10:45:00+00:00,Building a secure world,Safety & Security,https://blog.google/technology/safety-security/building-a-secure-world/,"['political_disinfo', 'safety']",0,0,0,0,1
51,2022-05-09 19:37:00+00:00,Setting the Record Straight on Match Group’s Cynical Campaign Against Google Play,Public Policy,https://blog.google/outreach-initiatives/public-policy/setting-the-record-straight-on-match-groups-cynical-campaign-against-google-play/,['safety'],0,0,0,0,1
52,2022-04-28 12:00:00+00:00,Coming together to protect the global internet,Public Policy,https://blog.google/outreach-initiatives/public-policy/coming-together-to-protect-the-global-internet/,"['health_disinfo', 'political_disinfo']",0,0,1,0,0
52,2022-04-28 12:00:00+00:00,Coming together to protect the global internet,Public Policy,https://blog.google/outreach-initiatives/public-policy/coming-together-to-protect-the-global-internet/,"['health_disinfo', 'political_disinfo']",0,0,0,1,0
53,2022-04-28 10:00:00+00:00,Reforming the patent system to support American innovation,Public Policy,https://blog.google/outreach-initiatives/public-policy/reforming-the-patent-system-to-support-american-innovation/,['health_disinfo'],0,0,1,0,0
54,2022-04-25 16:30:00+00:00,The urgent necessity of enacting a national privacy law,Public Policy,https://blog.google/outreach-initiatives/public-policy/the-urgent-necessity-of-enacting-a-national-privacy-law/,"['hate_speech', 'health_disinfo', 'safety']",0,1,0,0,0
54,2022-04-25 16:30:00+00:00,The urgent necessity of enacting a national privacy law,Public Policy,https://blog.google/outreach-initiatives/public-policy/the-urgent-necessity-of-enacting-a-national-privacy-law/,"['hate_speech', 'health_disinfo', 'safety']",0,0,1,0,0
54,2022-04-25 16:30:00+00:00,The urgent necessity of enacting a national privacy law,Public Policy,https://blog.google/outreach-initiatives/public-policy/the-urgent-necessity-of-enacting-a-national-privacy-law/,"['hate_speech', 'health_disinfo', 'safety']",0,0,0,0,1
55,2022-03-28 20:00:00+00:00,The Trans-Atlantic Data Privacy Framework: Building for the long term,Public Policy,https://blog.google/outreach-initiatives/public-policy/trans-atlantic-data-privacy-framework-building-long-term/,['safety'],0,0,0,0,1
56,2022-03-09 18:00:00+00:00,Building data portability to help consumers choose,Public Policy,https://blog.google/outreach-initiatives/public-policy/building-data-portability-help-consumers-choose/,['safety'],0,0,0,0,1
57,2022-02-17 11:00:00+00:00,Google at the Munich Security Conference,Public Policy,https://blog.google/outreach-initiatives/public-policy/google-munich-security-conference/,"['health_disinfo', 'political_disinfo', 'safety']",0,0,1,0,0
57,2022-02-17 11:00:00+00:00,Google at the Munich Security Conference,Public Policy,https://blog.google/outreach-initiatives/public-policy/google-munich-security-conference/,"['health_disinfo', 'political_disinfo', 'safety']",0,0,0,1,0
57,2022-02-17 11:00:00+00:00,Google at the Munich Security Conference,Public Policy,https://blog.google/outreach-initiatives/public-policy/google-munich-security-conference/,"['health_disinfo', 'political_disinfo', 'safety']",0,0,0,0,1
58,2022-02-11 07:00:00+00:00,The path forward with the Privacy Sandbox,Google in Europe,https://blog.google/around-the-globe/google-europe/path-forward-privacy-sandbox/,"['hate_speech', 'safety']",0,1,0,0,0
58,2022-02-11 07:00:00+00:00,The path forward with the Privacy Sandbox,Google in Europe,https://blog.google/around-the-globe/google-europe/path-forward-privacy-sandbox/,"['hate_speech', 'safety']",0,0,0,0,1
59,2022-01-25 21:45:00+00:00,How Google puts you in control of your location data,Public Policy,https://blog.google/outreach-initiatives/public-policy/how-google-puts-you-control-your-location-data/,['safety'],0,0,0,0,1
60,2022-01-21 17:00:00+00:00,AG Paxton’s false claims still don’t add up,Public Policy,https://blog.google/outreach-initiatives/public-policy/ag-paxtons-false-claims-still-dont-add-up/,[],0,0,0,0,0
61,2022-01-18 20:00:00+00:00,The harmful consequences of Congress’s anti-tech bills,Public Policy,https://blog.google/outreach-initiatives/public-policy/the-harmful-consequences-of-congresss-anti-tech-bills/,[],0,0,0,0,0
62,2022-01-13 18:45:00+00:00,Making Open Source software safer and more secure,Safety & Security,https://blog.google/technology/safety-security/making-open-source-software-safer-and-more-secure/,"['health_disinfo', 'safety']",0,0,1,0,0
62,2022-01-13 18:45:00+00:00,Making Open Source software safer and more secure,Safety & Security,https://blog.google/technology/safety-security/making-open-source-software-safer-and-more-secure/,"['health_disinfo', 'safety']",0,0,0,0,1
63,2021-12-10 22:00:00+00:00,"How to sustain a safe, thriving app and game ecosystem",Public Policy,https://blog.google/outreach-initiatives/public-policy/how-sustain-safe-thriving-app-and-game-ecosystem/,['safety'],0,0,0,0,1
64,2021-11-11 14:30:00+00:00,Welcoming US-EU collaboration on cybersecurity,Public Policy,https://blog.google/outreach-initiatives/public-policy/welcoming-us-eu-collaboration-cybersecurity/,"['political_disinfo', 'safety']",0,0,0,1,0
64,2021-11-11 14:30:00+00:00,Welcoming US-EU collaboration on cybersecurity,Public Policy,https://blog.google/outreach-initiatives/public-policy/welcoming-us-eu-collaboration-cybersecurity/,"['political_disinfo', 'safety']",0,0,0,0,1
65,2021-10-26 13:00:00+00:00,Bringing COP26 to people everywhere,Sustainability,https://blog.google/outreach-initiatives/sustainability/google-cop26-2021/,[],0,0,0,0,0
66,2021-10-21 16:30:00+00:00,Our Content Removal Transparency Report for January to June 2021,Public Policy,https://blog.google/outreach-initiatives/public-policy/our-content-removal-transparency-report-january-june-2021/,"['hate_speech', 'health_disinfo', 'political_disinfo']",0,1,0,0,0
66,2021-10-21 16:30:00+00:00,Our Content Removal Transparency Report for January to June 2021,Public Policy,https://blog.google/outreach-initiatives/public-policy/our-content-removal-transparency-report-january-june-2021/,"['hate_speech', 'health_disinfo', 'political_disinfo']",0,0,1,0,0
66,2021-10-21 16:30:00+00:00,Our Content Removal Transparency Report for January to June 2021,Public Policy,https://blog.google/outreach-initiatives/public-policy/our-content-removal-transparency-report-january-june-2021/,"['hate_speech', 'health_disinfo', 'political_disinfo']",0,0,0,1,0
67,2021-10-20 18:30:00+00:00,We support comprehensive climate and clean energy policy,Public Policy,https://blog.google/outreach-initiatives/public-policy/we-support-comprehensive-climate-and-clean-energy-policy/,[],0,0,0,0,0
68,2021-09-28 10:00:00+00:00,Strengthening the transatlantic digital space,Public Policy,https://blog.google/outreach-initiatives/public-policy/strengthening-transatlantic-digital-space/,"['health_disinfo', 'safety']",0,0,1,0,0
68,2021-09-28 10:00:00+00:00,Strengthening the transatlantic digital space,Public Policy,https://blog.google/outreach-initiatives/public-policy/strengthening-transatlantic-digital-space/,"['health_disinfo', 'safety']",0,0,0,0,1
69,2021-09-20 13:30:00+00:00,A digital fast lane for emerging economies,Public Policy,https://blog.google/outreach-initiatives/public-policy/digital-fast-lane-emerging-economies/,[],0,0,0,0,0
70,2021-09-17 13:00:00+00:00,Google at the UN General Assembly,Public Policy,https://blog.google/outreach-initiatives/public-policy/google-un-general-assembly/,"['health_disinfo', 'safety']",0,0,1,0,0
70,2021-09-17 13:00:00+00:00,Google at the UN General Assembly,Public Policy,https://blog.google/outreach-initiatives/public-policy/google-un-general-assembly/,"['health_disinfo', 'safety']",0,0,0,0,1
71,2021-09-09 17:30:00+00:00,Collaborating with the UN to accelerate crisis response,Public Policy,https://blog.google/outreach-initiatives/public-policy/collaborating-un-accelerate-crisis-response/,['health_disinfo'],0,0,1,0,0
72,2021-08-25 21:30:00+00:00,Why we’re committing $10 billion to advance cybersecurity,Safety & Security,https://blog.google/technology/safety-security/why-were-committing-10-billion-to-advance-cybersecurity/,['safety'],0,0,0,0,1
73,2021-07-07 02:02:00+00:00,A lawsuit that ignores choice on Android and Google Play,Public Policy,https://blog.google/outreach-initiatives/public-policy/lawsuit-ignores-choice-android-and-google-play/,['safety'],0,0,0,0,1
74,2021-06-29 10:00:00+00:00,Connecting people to food support in their community,Public Policy,https://blog.google/outreach-initiatives/public-policy/connecting-people-to-food-support/,['children'],1,0,0,0,0
75,2021-05-26 10:00:00+00:00,Tracking data to advance health equity,Google.org,https://blog.google/outreach-initiatives/google-org/health-equity-tracker/,['health_disinfo'],0,0,1,0,0
76,2021-05-20 09:30:00+00:00,Technology can strengthen the U.S.-Korea alliance,Public Policy,https://blog.google/outreach-initiatives/public-policy/technology-can-strengthen-us-korea-alliance/,['health_disinfo'],0,0,1,0,0
77,2021-05-14 10:00:00+00:00,Why we're rallying support for immigration rights,Public Policy,https://blog.google/outreach-initiatives/public-policy/why-were-rallying-support-immigration-rights/,[],0,0,0,0,0
78,2021-04-26 14:00:00+00:00,Google’s partnerships with international organizations,Public Policy,https://blog.google/outreach-initiatives/public-policy/googles-partnerships-with-international-organizations/,['health_disinfo'],0,0,1,0,0
79,2021-04-23 09:00:00+00:00,Seizing the moment - A framework for American innovation,Public Policy,https://blog.google/outreach-initiatives/public-policy/seizing-moment-framework-american-innovation/,['health_disinfo'],0,0,1,0,0
80,2021-04-09 09:55:00+00:00,The U.S. and Europe should launch a trade and technology council,Public Policy,https://blog.google/outreach-initiatives/public-policy/us-europe-technology-trade-council/,"['hate_speech', 'health_disinfo', 'safety']",0,1,0,0,0
80,2021-04-09 09:55:00+00:00,The U.S. and Europe should launch a trade and technology council,Public Policy,https://blog.google/outreach-initiatives/public-policy/us-europe-technology-trade-council/,"['hate_speech', 'health_disinfo', 'safety']",0,0,1,0,0
80,2021-04-09 09:55:00+00:00,The U.S. and Europe should launch a trade and technology council,Public Policy,https://blog.google/outreach-initiatives/public-policy/us-europe-technology-trade-council/,"['hate_speech', 'health_disinfo', 'safety']",0,0,0,0,1
81,2021-03-31 06:00:00+00:00,Google's €25 million contribution to media literacy,Google in Europe,https://blog.google/around-the-globe/google-europe/googles-25-million-contribution-to-media-literacy/,"['children', 'health_disinfo', 'political_disinfo']",1,0,0,0,0
81,2021-03-31 06:00:00+00:00,Google's €25 million contribution to media literacy,Google in Europe,https://blog.google/around-the-globe/google-europe/googles-25-million-contribution-to-media-literacy/,"['children', 'health_disinfo', 'political_disinfo']",0,0,1,0,0
81,2021-03-31 06:00:00+00:00,Google's €25 million contribution to media literacy,Google in Europe,https://blog.google/around-the-globe/google-europe/googles-25-million-contribution-to-media-literacy/,"['children', 'health_disinfo', 'political_disinfo']",0,0,0,1,0
82,2021-03-25 16:00:00+00:00,Sundar Pichai’s testimony before the U.S. House Committee on Energy & Commerce,Public Policy,https://blog.google/outreach-initiatives/public-policy/sundar-pichais-testimony-before-the-us-house-committee-on-energy-commerce/,"['health_disinfo', 'political_disinfo', 'safety']",0,0,1,0,0
82,2021-03-25 16:00:00+00:00,Sundar Pichai’s testimony before the U.S. House Committee on Energy & Commerce,Public Policy,https://blog.google/outreach-initiatives/public-policy/sundar-pichais-testimony-before-the-us-house-committee-on-energy-commerce/,"['health_disinfo', 'political_disinfo', 'safety']",0,0,0,1,0
82,2021-03-25 16:00:00+00:00,Sundar Pichai’s testimony before the U.S. House Committee on Energy & Commerce,Public Policy,https://blog.google/outreach-initiatives/public-policy/sundar-pichais-testimony-before-the-us-house-committee-on-energy-commerce/,"['health_disinfo', 'political_disinfo', 'safety']",0,0,0,0,1
83,2021-03-16 16:46:00+00:00,The 2012 FTC staff papers,Public Policy,https://blog.google/outreach-initiatives/public-policy/2012-ftc-staff-papers/,[],0,0,0,0,0
84,2021-02-25 14:00:00+00:00,Let’s finalize an international tax deal,Public Policy,https://blog.google/outreach-initiatives/public-policy/lets-finalize-an-international-tax-deal/,['health_disinfo'],0,0,1,0,0
85,2021-01-27 15:00:00+00:00,GSEC Dublin: A content responsibility center for Europe,Google in Europe,https://blog.google/around-the-globe/google-europe/gsec-dublin-content-responsibility-center-europe/,"['health_disinfo', 'political_disinfo', 'safety']",0,0,1,0,0
85,2021-01-27 15:00:00+00:00,GSEC Dublin: A content responsibility center for Europe,Google in Europe,https://blog.google/around-the-globe/google-europe/gsec-dublin-content-responsibility-center-europe/,"['health_disinfo', 'political_disinfo', 'safety']",0,0,0,1,0
85,2021-01-27 15:00:00+00:00,GSEC Dublin: A content responsibility center for Europe,Google in Europe,https://blog.google/around-the-globe/google-europe/gsec-dublin-content-responsibility-center-europe/,"['health_disinfo', 'political_disinfo', 'safety']",0,0,0,0,1
86,2021-01-17 16:00:00+00:00,AG Paxton’s misleading attack on our ad tech business,Public Policy,https://blog.google/outreach-initiatives/public-policy/ag-paxtons-misleading-attack-on-our-ad-tech-business/,['safety'],0,0,0,0,1
87,2021-01-13 11:00:00+00:00,Our continuing support for Dreamers,Public Policy,https://blog.google/outreach-initiatives/public-policy/our-continuing-support-dreamers/,"['children', 'safety']",1,0,0,0,0
87,2021-01-13 11:00:00+00:00,Our continuing support for Dreamers,Public Policy,https://blog.google/outreach-initiatives/public-policy/our-continuing-support-dreamers/,"['children', 'safety']",0,0,0,0,1
88,2020-12-17 19:17:00+00:00,Redesigning Search would harm American consumers and businesses,Public Policy,https://blog.google/outreach-initiatives/public-policy/redesigning-search-would-harm-consumers-and-american-businesses/,[],0,0,0,0,0
89,2020-12-17 09:00:00+00:00,A more private web can help businesses grow,Google in Europe,https://blog.google/around-the-globe/google-europe/more-private-web-can-help-businesses-grow/,"['health_disinfo', 'safety']",0,0,1,0,0
89,2020-12-17 09:00:00+00:00,A more private web can help businesses grow,Google in Europe,https://blog.google/around-the-globe/google-europe/more-private-web-can-help-businesses-grow/,"['health_disinfo', 'safety']",0,0,0,0,1
90,2020-11-16 08:00:00+00:00,The opportunity for “Digital Sprinters”,Public Policy,https://blog.google/outreach-initiatives/public-policy/the-opportunity-for-digital-sprinters/,"['hate_speech', 'health_disinfo']",0,1,0,0,0
90,2020-11-16 08:00:00+00:00,The opportunity for “Digital Sprinters”,Public Policy,https://blog.google/outreach-initiatives/public-policy/the-opportunity-for-digital-sprinters/,"['hate_speech', 'health_disinfo']",0,0,1,0,0
91,2020-10-28 14:35:00+00:00,Sundar Pichai’s testimony before the Senate Commerce Committee,Public Policy,https://blog.google/outreach-initiatives/public-policy/sundar-pichai-testimony-senate-commerce-committee/,['safety'],0,0,0,0,1
92,2020-10-28 14:00:00+00:00,The Digital Services Act must not harm Europe’s economic recovery,Google in Europe,https://blog.google/around-the-globe/google-europe/the-digital-services-act-must-not-harm-europes-economic-recovery/,"['health_disinfo', 'safety']",0,0,1,0,0
92,2020-10-28 14:00:00+00:00,The Digital Services Act must not harm Europe’s economic recovery,Google in Europe,https://blog.google/around-the-globe/google-europe/the-digital-services-act-must-not-harm-europes-economic-recovery/,"['health_disinfo', 'safety']",0,0,0,0,1
93,2020-10-22 01:00:00+00:00,A united front against online piracy in Asia Pacific,Google in Asia,https://blog.google/around-the-globe/google-asia/united-front-against-online-piracy-asia-pacific/,[],0,0,0,0,0
94,2020-10-21 01:00:00+00:00,"Partnership, policy and trade in Asia’s economic recovery",Google in Asia,https://blog.google/around-the-globe/google-asia/partnership-policy-trade-recovery/,"['health_disinfo', 'political_disinfo']",0,0,1,0,0
94,2020-10-21 01:00:00+00:00,"Partnership, policy and trade in Asia’s economic recovery",Google in Asia,https://blog.google/around-the-globe/google-asia/partnership-policy-trade-recovery/,"['health_disinfo', 'political_disinfo']",0,0,0,1,0
95,2020-10-20 15:29:00+00:00,A deeply flawed lawsuit that would do nothing to help consumers,Public Policy,https://blog.google/outreach-initiatives/public-policy/response-doj/,[],0,0,0,0,0
96,2020-10-13 11:00:00+00:00,Serving Veterans with a new resource hub,Public Policy,https://blog.google/outreach-initiatives/public-policy/serving-veterans-new-resource-hub/,['health_disinfo'],0,0,1,0,0
97,2020-10-06 23:55:00+00:00,Statement on the Democratic and Republican House Antitrust Subcommittee reports,Public Policy,https://blog.google/outreach-initiatives/public-policy/statement-democratic-and-republican-house-antitrust-subcommittee-reports/,[],0,0,0,0,0
98,2020-09-03 15:30:00+00:00,"A more responsible, innovative and helpful internet in Europe",Google in Europe,https://blog.google/around-the-globe/google-europe/more-responsible-innovative-and-helpful-internet-europe/,"['children', 'safety']",1,0,0,0,0
98,2020-09-03 15:30:00+00:00,"A more responsible, innovative and helpful internet in Europe",Google in Europe,https://blog.google/around-the-globe/google-europe/more-responsible-innovative-and-helpful-internet-europe/,"['children', 'safety']",0,0,0,0,1
99,2020-09-02 13:00:00+00:00,Partnering with NSF on human-AI collaboration,AI,https://blog.google/technology/ai/partnering-nsf-human-ai-collaboration/,['safety'],0,0,0,0,1
100,2020-08-07 18:00:00+00:00,In support of interoperability,Public Policy,https://blog.google/outreach-initiatives/public-policy/support-interoperability/,[],0,0,0,0,0
101,2020-07-29 17:52:00+00:00,Sundar Pichai’s testimony to the U.S. House Judiciary Subcommittee on Antitrust,Public Policy,https://blog.google/outreach-initiatives/public-policy/sundar-pichais-testimony-to-the-us-house-judiciary-subcommittee-on-antitrust/,"['health_disinfo', 'safety']",0,0,1,0,0
101,2020-07-29 17:52:00+00:00,Sundar Pichai’s testimony to the U.S. House Judiciary Subcommittee on Antitrust,Public Policy,https://blog.google/outreach-initiatives/public-policy/sundar-pichais-testimony-to-the-us-house-judiciary-subcommittee-on-antitrust/,"['health_disinfo', 'safety']",0,0,0,0,1
102,2020-04-23 16:00:00+00:00,Respecting rights: Global Network Initiative assessment report,Public Policy,https://blog.google/outreach-initiatives/public-policy/respecting-rights-global-network-initiative-assessment-report/,[],0,0,0,0,0
103,2020-02-26 14:00:00+00:00,Continuing to grow and invest across America in 2020,Company announcements,https://blog.google/inside-google/company-announcements/continuing-grow-invest-across-america-2020/,[],0,0,0,0,0
104,2020-02-03 11:00:00+00:00,Supporting the 2020 U.S. election,Safety & Security,https://blog.google/technology/safety-security/supporting-2020-us-election/,"['health_disinfo', 'political_disinfo']",0,0,1,0,0
104,2020-02-03 11:00:00+00:00,Supporting the 2020 U.S. election,Safety & Security,https://blog.google/technology/safety-security/supporting-2020-us-election/,"['health_disinfo', 'political_disinfo']",0,0,0,1,0
105,2020-01-06 22:35:00+00:00,The case for open innovation,Public Policy,https://blog.google/outreach-initiatives/public-policy/case-for-open-innovation/,[],0,0,0,0,0
106,2019-12-11 20:00:00+00:00,How Google and YouTube are working to protect the 2020 U.S. Census,Safety & Security,https://blog.google/technology/safety-security/how-google-and-youtube-are-working-protect-2020-us-census/,"['health_disinfo', 'political_disinfo']",0,0,1,0,0
106,2019-12-11 20:00:00+00:00,How Google and YouTube are working to protect the 2020 U.S. Census,Safety & Security,https://blog.google/technology/safety-security/how-google-and-youtube-are-working-protect-2020-us-census/,"['health_disinfo', 'political_disinfo']",0,0,0,1,0
107,2019-11-20 23:00:00+00:00,An update on our political ads policy,Ads,https://blog.google/technology/ads/update-our-political-ads-policy/,['political_disinfo'],0,0,0,1,0
108,2019-10-25 17:00:00+00:00,Bringing Wi-Fi to the residents of Celilo Village,Public Policy,https://blog.google/outreach-initiatives/public-policy/celilo-village-wi-fi-chromebooks/,[],0,0,0,0,0
109,2019-10-02 19:00:00+00:00,The historic partnership of democracy and technology,Public Policy,https://blog.google/outreach-initiatives/public-policy/historic-partnership-democracy-and-technology/,[],0,0,0,0,0
110,2019-09-12 10:00:00+00:00,The courage to change: sharing resources for recovery,Company announcements,https://blog.google/inside-google/company-announcements/recover-together/,['health_disinfo'],0,0,1,0,0
111,2019-09-06 21:06:00+00:00,"Google’s services create choice for consumers, and spur innovation in the U.S.",Public Policy,https://blog.google/outreach-initiatives/public-policy/consumer-choice-competition-innovation/,[],0,0,0,0,0
112,2019-08-22 23:00:00+00:00,Maintaining the integrity of our platforms,Public Policy,https://blog.google/outreach-initiatives/public-policy/maintaining-integrity-our-platforms/,[],0,0,0,0,0
113,2019-06-27 19:00:00+00:00,It’s time for a new international tax deal,Public Policy,https://blog.google/outreach-initiatives/public-policy/its-time-new-international-tax-deal/,[],0,0,0,0,0
114,2019-06-19 20:00:00+00:00,Oversight frameworks for content-sharing platforms,Public Policy,https://blog.google/outreach-initiatives/public-policy/oversight-frameworks-content-sharing-platforms/,"['hate_speech', 'health_disinfo', 'political_disinfo', 'safety']",0,1,0,0,0
114,2019-06-19 20:00:00+00:00,Oversight frameworks for content-sharing platforms,Public Policy,https://blog.google/outreach-initiatives/public-policy/oversight-frameworks-content-sharing-platforms/,"['hate_speech', 'health_disinfo', 'political_disinfo', 'safety']",0,0,1,0,0
114,2019-06-19 20:00:00+00:00,Oversight frameworks for content-sharing platforms,Public Policy,https://blog.google/outreach-initiatives/public-policy/oversight-frameworks-content-sharing-platforms/,"['hate_speech', 'health_disinfo', 'political_disinfo', 'safety']",0,0,0,1,0
114,2019-06-19 20:00:00+00:00,Oversight frameworks for content-sharing platforms,Public Policy,https://blog.google/outreach-initiatives/public-policy/oversight-frameworks-content-sharing-platforms/,"['hate_speech', 'health_disinfo', 'political_disinfo', 'safety']",0,0,0,0,1
115,2019-04-18 12:00:00+00:00,Presenting search app and browser options to Android users in Europe,Google in Europe,https://blog.google/around-the-globe/google-europe/presenting-search-app-and-browser-options-android-users-europe/,[],0,0,0,0,0
116,2019-04-11 20:00:00+00:00,USMCA: A trade framework for the digital age,Public Policy,https://blog.google/outreach-initiatives/public-policy/usmca-trade-framework-digital-age/,[],0,0,0,0,0
117,2019-03-19 23:00:00+00:00,Supporting choice and competition in Europe,Android,https://blog.google/around-the-globe/google-europe/supporting-choice-and-competition-europe/,['health_disinfo'],0,0,1,0,0
118,2019-03-05 17:00:00+00:00,Doing our part to share open data responsibly,AI,https://blog.google/technology/ai/sharing-open-data/,"['health_disinfo', 'safety']",0,0,1,0,0
118,2019-03-05 17:00:00+00:00,Doing our part to share open data responsibly,AI,https://blog.google/technology/ai/sharing-open-data/,"['health_disinfo', 'safety']",0,0,0,0,1
119,2019-02-21 17:00:00+00:00,"To help fight the opioid crisis, a new tool from Maps and Search",Public Policy,https://blog.google/outreach-initiatives/public-policy/opioid-crisis-maps-search/,"['health_disinfo', 'safety']",0,0,1,0,0
119,2019-02-21 17:00:00+00:00,"To help fight the opioid crisis, a new tool from Maps and Search",Public Policy,https://blog.google/outreach-initiatives/public-policy/opioid-crisis-maps-search/,"['health_disinfo', 'safety']",0,0,0,0,1
120,2019-02-14 18:00:00+00:00,Smart regulation for combating illegal content,Public Policy,https://blog.google/outreach-initiatives/public-policy/principles-evolving-technology-policy-2019/smart-regulation-combating-illegal-content/,['safety'],0,0,0,0,1
121,2019-02-13 18:00:00+00:00,Investing across the U.S. in 2019,Company announcements,https://blog.google/inside-google/company-announcements/investing-13-billion-2019/,[],0,0,0,0,0
122,2019-01-24 20:00:00+00:00,Oracle v. Google and the future of software development,Public Policy,https://blog.google/outreach-initiatives/public-policy/our-fight-protect-future-software-development/,[],0,0,0,0,0
123,2019-01-22 18:00:00+00:00,Engaging policy stakeholders on issues in AI governance,Public Policy,https://blog.google/outreach-initiatives/public-policy/engaging-policy-stakeholders-issues-ai-governance/,"['health_disinfo', 'safety']",0,0,1,0,0
123,2019-01-22 18:00:00+00:00,Engaging policy stakeholders on issues in AI governance,Public Policy,https://blog.google/outreach-initiatives/public-policy/engaging-policy-stakeholders-issues-ai-governance/,"['health_disinfo', 'safety']",0,0,0,0,1
124,2019-01-18 15:00:00+00:00,Applications are open for the Google North America Public Policy Fellowship,Public Policy,https://blog.google/outreach-initiatives/public-policy/applications-are-open-google-north-america-public-policy-fellowship/,[],0,0,0,0,0
125,2019-01-08 17:30:00+00:00,How we’re supporting smart regulation and policy innovation in 2019,Public Policy,https://blog.google/outreach-initiatives/public-policy/principles-evolving-technology-policy-2019/,['hate_speech'],0,1,0,0,0
126,2018-12-20 23:59:00+00:00,"To stop terror content online, tech companies need to work together",Public Policy,https://blog.google/outreach-initiatives/public-policy/stop-terror-content-online-tech-companies-need-work-together/,['hate_speech'],0,1,0,0,0
127,2018-12-20 19:05:00+00:00,"A ""First Step"" towards criminal justice reform",Public Policy,https://blog.google/outreach-initiatives/public-policy/first-step-towards-criminal-justice-reform/,"['children', 'safety']",1,0,0,0,0
127,2018-12-20 19:05:00+00:00,"A ""First Step"" towards criminal justice reform",Public Policy,https://blog.google/outreach-initiatives/public-policy/first-step-towards-criminal-justice-reform/,"['children', 'safety']",0,0,0,0,1
128,2018-12-20 13:00:00+00:00,From soil to supper: How technology influences your dinner,Public Policy,https://blog.google/outreach-initiatives/public-policy/soil-supper-how-technology-influences-your-dinner/,['health_disinfo'],0,0,1,0,0
129,2018-11-07 06:00:00+00:00,Protecting what we love about the internet: our efforts to stop online piracy,Public Policy,https://blog.google/outreach-initiatives/public-policy/protecting-what-we-love-about-internet-our-efforts-stop-online-piracy/,[],0,0,0,0,0
130,2018-10-25 13:00:00+00:00,Parent helpline answers: How do I keep my family safe from opioid addiction?,Public Policy,https://blog.google/outreach-initiatives/public-policy/drug-free-helpline-answers-how-do-i-keep-my-family-safe-opioid-addiction/,['safety'],0,0,0,0,1
131,2018-10-03 13:10:00+00:00,Coming together to create a prior art archive,Public Policy,https://blog.google/outreach-initiatives/public-policy/coming-together-create-prior-art-archive/,['health_disinfo'],0,0,1,0,0
132,2018-09-24 18:40:00+00:00,Proposing a framework for data protection legislation,Public Policy,https://blog.google/outreach-initiatives/public-policy/proposing-framework-data-protection-legislation/,[],0,0,0,0,0
133,2018-09-04 17:15:00+00:00,Our testimony to the U.S. Senate Select Committee on Intelligence,Public Policy,https://blog.google/outreach-initiatives/public-policy/our-testimony-us-senate-select-committee-intelligence/,['political_disinfo'],0,0,0,1,0
134,2018-08-15 17:48:00+00:00,Introducing a new transparency report for political ads,Ads,https://blog.google/technology/ads/introducing-new-transparency-report-political-ads/,"['political_disinfo', 'safety']",0,0,0,1,0
134,2018-08-15 17:48:00+00:00,Introducing a new transparency report for political ads,Ads,https://blog.google/technology/ads/introducing-new-transparency-report-political-ads/,"['political_disinfo', 'safety']",0,0,0,0,1
135,2018-07-23 17:20:00+00:00,Updating government access laws for the digital age,Public Policy,https://blog.google/outreach-initiatives/public-policy/updating-government-access-laws-digital-age/,[],0,0,0,0,0
136,2018-07-18 11:30:00+00:00,"Android has created more choice, not less",Google in Europe,https://blog.google/around-the-globe/google-europe/android-has-created-more-choice-not-less/,['health_disinfo'],0,0,1,0,0
137,2018-06-28 16:00:00+00:00,A new report on building opportunities for everyone,Public Policy,https://blog.google/outreach-initiatives/public-policy/new-report-building-opportunities-everyone/,['safety'],0,0,0,0,1
138,2018-06-19 07:00:00+00:00,Joining forces in Europe to prepare for the future of work,Google in Europe,https://blog.google/around-the-globe/google-europe/joining-forces-europe-prepare-future-work/,['health_disinfo'],0,0,1,0,0
139,2018-05-11 23:50:00+00:00,Digital Love Letters from children to parents who are incarcerated,Public Policy,https://blog.google/outreach-initiatives/public-policy/digital-love-letters-children-parents-who-are-incarcerated/,['children'],1,0,0,0,0
140,2018-05-11 07:00:00+00:00,Our preparations for Europe’s new data protection law,Public Policy,https://blog.google/outreach-initiatives/public-policy/our-preparations-europes-new-data-protection-law/,['children'],1,0,0,0,0
141,2018-05-04 13:00:00+00:00,Supporting election integrity through greater advertising transparency,Public Policy,https://blog.google/outreach-initiatives/public-policy/supporting-election-integrity-through-greater-advertising-transparency/,"['health_disinfo', 'political_disinfo']",0,0,1,0,0
141,2018-05-04 13:00:00+00:00,Supporting election integrity through greater advertising transparency,Public Policy,https://blog.google/outreach-initiatives/public-policy/supporting-election-integrity-through-greater-advertising-transparency/,"['health_disinfo', 'political_disinfo']",0,0,0,1,0
142,2018-04-25 04:00:00+00:00,Help fight the opioid epidemic this National Prescription Drug Take Back Day,Public Policy,https://blog.google/outreach-initiatives/public-policy/national-drug-take-back-day/,"['health_disinfo', 'safety']",0,0,1,0,0
142,2018-04-25 04:00:00+00:00,Help fight the opioid epidemic this National Prescription Drug Take Back Day,Public Policy,https://blog.google/outreach-initiatives/public-policy/national-drug-take-back-day/,"['health_disinfo', 'safety']",0,0,0,0,1
143,2018-03-02 15:00:00+00:00,2018 Google North America Public Policy Fellowship now accepting applications,Public Policy,https://blog.google/outreach-initiatives/public-policy/2018-google-north-america-public-policy-fellowship-now-accepting-applications/,[],0,0,0,0,0
144,2018-02-26 17:00:00+00:00,Updating our “right to be forgotten” Transparency Report,Google in Europe,https://blog.google/around-the-globe/google-europe/updating-our-right-be-forgotten-transparency-report/,[],0,0,0,0,0
145,2017-12-26 18:45:00+00:00,Extending domain opt-out and AdWords API tools,Public Policy,https://blog.google/outreach-initiatives/public-policy/extending-domain-opt-out-and-adwords-api-tools/,[],0,0,0,0,0
146,2017-12-07 18:30:00+00:00,New government removals and National Security Letter data,Public Policy,https://blog.google/outreach-initiatives/public-policy/new-government-removals-and-national-security-letter-data/,['safety'],0,0,0,0,1
147,2017-12-04 15:00:00+00:00,Update on the Global Internet Forum to Counter Terrorism,Public Policy,https://blog.google/around-the-globe/google-europe/update-global-internet-forum-counter-terrorism/,[],0,0,0,0,0
148,2017-11-15 17:00:00+00:00,Defending access to lawful information at Europe’s highest court,Google in Europe,https://blog.google/around-the-globe/google-europe/defending-access-lawful-information-europes-highest-court/,[],0,0,0,0,0
149,2017-10-30 22:58:00+00:00,Security and disinformation in the U.S. 2016 election,Public Policy,https://blog.google/outreach-initiatives/public-policy/security-and-disinformation-us-2016-election/,"['health_disinfo', 'political_disinfo']",0,0,1,0,0
149,2017-10-30 22:58:00+00:00,Security and disinformation in the U.S. 2016 election,Public Policy,https://blog.google/outreach-initiatives/public-policy/security-and-disinformation-us-2016-election/,"['health_disinfo', 'political_disinfo']",0,0,0,1,0
150,2017-10-16 09:00:00+00:00,Towards a future of work that works for everyone,Google in Europe,https://blog.google/around-the-globe/google-europe/towards-future-work-works-everyone/,['children'],1,0,0,0,0
151,2017-09-28 16:22:00+00:00,Updating our Transparency Report and electronic privacy laws,Public Policy,https://blog.google/outreach-initiatives/public-policy/updating-our-transparency-report-and-electronic-privacy-laws/,[],0,0,0,0,0
152,2017-09-20 21:20:00+00:00,Working together to combat terrorists online,Public Policy,https://blog.google/outreach-initiatives/public-policy/working-together-combat-terrorists-online/,"['hate_speech', 'safety']",0,1,0,0,0
152,2017-09-20 21:20:00+00:00,Working together to combat terrorists online,Public Policy,https://blog.google/outreach-initiatives/public-policy/working-together-combat-terrorists-online/,"['hate_speech', 'safety']",0,0,0,0,1
153,2017-09-07 20:40:00+00:00,Google’s fight against human trafficking,Public Policy,https://blog.google/outreach-initiatives/public-policy/googles-fight-against-human-trafficking/,[],0,0,0,0,0
154,2017-07-27 23:00:00+00:00,A significant step toward modernizing our surveillance laws,Public Policy,https://blog.google/outreach-initiatives/public-policy/significant-step-toward-modernizing-our-surveillance-laws/,[],0,0,0,0,0
155,2017-07-20 14:00:00+00:00,Applications now open for the Google Policy Fellowship in Europe and Africa,Google in Europe,https://blog.google/around-the-globe/google-europe/applications-now-open-google-policy-fellowship-europe-and-africa/,[],0,0,0,0,0
156,2017-07-18 15:23:00+00:00,A new look for our Transparency Report,Public Policy,https://blog.google/outreach-initiatives/public-policy/new-look-our-transparency-report/,[],0,0,0,0,0
157,2017-07-12 10:00:00+00:00,Net Neutrality Day of Action: Help preserve the open internet,Public Policy,https://blog.google/outreach-initiatives/public-policy/net-neutrality-day-action-help-preserve-open-internet/,[],0,0,0,0,0
158,2017-07-11 18:00:00+00:00,Responding to the “Campaign for Accountability” report on academic research,Public Policy,https://blog.google/outreach-initiatives/public-policy/responding-campaign-accountability-report-academic-research/,[],0,0,0,0,0
159,2017-06-27 10:15:00+00:00,The European Commission decision on online shopping: the other side of the story,Google in Europe,https://blog.google/around-the-globe/google-europe/european-commission-decision-shopping-google-story/,[],0,0,0,0,0
160,2017-06-22 09:00:00+00:00,Digital security and due process: A new legal framework for the cloud era,Public Policy,https://blog.google/outreach-initiatives/public-policy/digital-security-and-due-process-new-legal-framework-cloud-era/,[],0,0,0,0,0
161,2017-04-20 18:00:00+00:00,An international framework for digital evidence,Public Policy,https://blog.google/outreach-initiatives/public-policy/international-framework-digital-evidence/,[],0,0,0,0,0
162,2017-04-03 05:00:00+00:00,Introducing PAX: the Android Networked Cross-License Agreement,Public Policy,https://blog.google/outreach-initiatives/public-policy/introducing-pax-android-networked-cross-license-agreement/,['health_disinfo'],0,0,1,0,0
163,2017-03-10 17:00:00+00:00,2017 Google North America Public Policy Fellowship now accepting applications,Public Policy,https://blog.google/outreach-initiatives/public-policy/2017-google-north-america-public-policy-fellowship-now-accepting-applications/,[],0,0,0,0,0
164,2017-02-15 17:00:00+00:00,"By Washington’s teeth! U.S. presidential history, now on Google Arts & Culture",Arts & Culture,https://blog.google/outreach-initiatives/arts-culture/washingtons-teeth-us-presidential-history-now-google-arts-culture/,['safety'],0,0,0,0,1
165,2017-02-06 23:30:00+00:00,Resounding support for updating electronic privacy laws,Public Policy,https://blog.google/outreach-initiatives/public-policy/resounding-support-updating-electronic-privacy-laws/,[],0,0,0,0,0
166,2016-12-19 18:23:00+00:00,Reflecting on Google's GNI Engagement,Public Policy,https://blog.google/outreach-initiatives/public-policy/reflecting-googles-gni-engagement/,[],0,0,0,0,0
167,2016-12-13 18:00:00+00:00,Sharing National Security Letters with the public,Public Policy,https://blog.google/outreach-initiatives/public-policy/sharing-national-security-letters-public/,[],0,0,0,0,0
168,2016-12-07 18:10:00+00:00,The nature of water: unveiling the most detailed view of water on Earth,Google in Europe,https://blog.google/around-the-globe/google-europe/nature-water-unveiling-most-detailed-view-water-earth/,['health_disinfo'],0,0,1,0,0
169,2016-10-12 14:19:00+00:00,Building on Surveillance Reform,Public Policy,https://blog.google/outreach-initiatives/public-policy/building-surveillance-reform/,[],0,0,0,0,0
170,2016-09-28 12:00:00+00:00,Strengthening the security of your Google account,Safety & Security,https://blog.google/technology/safety-security/strengthening-security-of-your-google/,['safety'],0,0,0,0,1
171,2016-09-26 11:51:00+00:00,Preserving a free and open internet (why the IANA transition must move forward),Public Policy,https://blog.google/outreach-initiatives/public-policy/preserving-free-and-open-internet/,[],0,0,0,0,0
172,2016-09-14 23:19:00+00:00,European copyright: there's a better way,Public Policy,https://blog.google/outreach-initiatives/public-policy/european-copyright-theres-better-way/,[],0,0,0,0,0
173,2016-09-13 10:10:00+00:00,#AskJuncker: YouTube creators to interview the European Commission President,Google in Europe,https://blog.google/around-the-globe/google-europe/askjuncker-youtube-creators-to/,['hate_speech'],0,1,0,0,0
174,2016-09-07 14:00:00+00:00,Refreshing our Transparency Report for copyright removals,Public Policy,https://blog.google/outreach-initiatives/public-policy/refreshing-our-transparency-report-copyright-removals/,[],0,0,0,0,0
175,2016-08-30 14:15:00+00:00,11 New Countries Available in Google Patents,Public Policy,https://blog.google/outreach-initiatives/public-policy/11-new-countries-available-google-patents/,[],0,0,0,0,0
176,2016-07-18 17:57:00+00:00,Privacy for the next billion users,Public Policy,https://blog.google/outreach-initiatives/public-policy/privacy-for-next-billion-users/,[],0,0,0,0,0
177,2016-07-13 15:20:00+00:00,American Democracy on Google Arts & Culture,Arts & Culture,https://blog.google/outreach-initiatives/arts-culture/american-democracy-on-google-arts/,['political_disinfo'],0,0,0,1,0
178,2016-07-13 10:00:00+00:00,Continuing to create value while fighting piracy: an update,Public Policy,https://blog.google/outreach-initiatives/public-policy/continuing-to-create-value-while/,[],0,0,0,0,0
179,2016-07-12 09:35:00+00:00,EU-US Privacy Shield: Restoring faith in data flows and transatlantic relations,Google in Europe,https://blog.google/around-the-globe/google-europe/eu-us-privacy-shield-restoring-faith-in/,[],0,0,0,0,0
180,2016-07-08 02:53:00+00:00,Global Network Initiative releases 2015 Assessment Report,Public Policy,https://blog.google/outreach-initiatives/public-policy/global-network-initiative-releases-2015/,[],0,0,0,0,0
181,2016-06-17 16:02:00+00:00,Digital Love Letters for fathers who are incarcerated,Public Policy,https://blog.google/outreach-initiatives/public-policy/digital-love-letters-for-fathers-who/,['children'],1,0,0,0,0
182,2016-06-10 16:23:00+00:00,The Trans-Pacific Partnership: A step forward for the Internet,Public Policy,https://blog.google/outreach-initiatives/public-policy/the-trans-pacific-partnership-step/,"['hate_speech', 'safety']",0,1,0,0,0
182,2016-06-10 16:23:00+00:00,The Trans-Pacific Partnership: A step forward for the Internet,Public Policy,https://blog.google/outreach-initiatives/public-policy/the-trans-pacific-partnership-step/,"['hate_speech', 'safety']",0,0,0,0,1
183,2016-06-10 11:26:00+00:00,A new skills agenda for Europe: getting everyone digital,Google in Europe,https://blog.google/around-the-globe/google-europe/a-new-skills-agenda-for-europe-getting_10/,[],0,0,0,0,0
184,2016-06-03 17:22:00+00:00,Innovating for a cleaner energy future,Public Policy,https://blog.google/outreach-initiatives/public-policy/innovating-for-cleaner-energy-future/,[],0,0,0,0,0
185,2016-05-31 13:19:00+00:00,Our commitment to fighting illegal hate speech online,Google in Europe,https://blog.google/around-the-globe/google-europe/our-commitment-to-fighting-illegal-hate_39/,['hate_speech'],0,1,0,0,0
186,2016-05-19 11:15:00+00:00,A principle that should not be forgotten,Google in Europe,https://blog.google/around-the-globe/google-europe/a-principle-that-should-not-be-forgotten/,['political_disinfo'],0,0,0,1,0
187,2016-05-11 13:00:00+00:00,An update to our AdWords policy on lending products,Public Policy,https://blog.google/outreach-initiatives/public-policy/an-update-to-our-adwords-policy-on/,[],0,0,0,0,0
188,2016-05-07 16:00:00+00:00,Digital #LoveLetters from children of the incarcerated,Public Policy,https://blog.google/outreach-initiatives/public-policy/love-letters-children-of-incarcerated/,['children'],1,0,0,0,0
189,2016-05-06 06:56:00+00:00,This is for everyone: Google and Debating Europe discuss women and tech,Google in Europe,https://blog.google/around-the-globe/google-europe/this-is-for-everyone-google-and_6/,[],0,0,0,0,0
190,2016-05-02 20:26:00+00:00,Join Chancellor Merkel and President Obama on their Hannover Messe Tour,Public Policy,https://blog.google/outreach-initiatives/public-policy/join-chancellor-merkel-and-president/,[],0,0,0,0,0
191,2016-04-27 19:42:00+00:00,A landmark vote for electronic privacy,Public Policy,https://blog.google/outreach-initiatives/public-policy/a-landmark-vote-for-electronic-privacy/,[],0,0,0,0,0
192,2016-04-20 09:39:00+00:00,Android’s model of open innovation,Google in Europe,https://blog.google/around-the-globe/google-europe/androids-model-of-open-innovation/,[],0,0,0,0,0
193,2016-04-14 06:53:00+00:00,Working together to better protect children online,Google in Europe,https://blog.google/around-the-globe/google-europe/working-together-to-better-protec/,"['children', 'safety']",1,0,0,0,0
193,2016-04-14 06:53:00+00:00,Working together to better protect children online,Google in Europe,https://blog.google/around-the-globe/google-europe/working-together-to-better-protec/,"['children', 'safety']",0,0,0,0,1
194,2016-04-01 14:37:00+00:00,Google unites with other tech companies to support US Clean Power Plan,Sustainability,https://blog.google/outreach-initiatives/environment/google-unites-with-other-tech-companies/,[],0,0,0,0,0
195,2016-03-25 17:43:00+00:00,Bringing Internet voices into trade,Public Policy,https://blog.google/outreach-initiatives/public-policy/bringing-internet-voices-into-trade/,[],0,0,0,0,0
196,2016-03-17 13:44:00+00:00,"Google, YouTube and Binge On",Public Policy,https://blog.google/outreach-initiatives/public-policy/google-youtube-and-binge-on/,[],0,0,0,0,0
197,2016-03-04 16:52:00+00:00,Adapting our approach to the European right to be forgotten,Google in Europe,https://blog.google/around-the-globe/google-europe/adapting-our-approach-to-european-rig/,[],0,0,0,0,0
198,2016-03-04 00:02:00+00:00,Joining together to avoid a troubling legal precedent,Public Policy,https://blog.google/outreach-initiatives/public-policy/joining-together-to-avoid-troubling/,['safety'],0,0,0,0,1
199,2016-03-03 22:19:00+00:00,2016 Google North America Public Policy Fellowship now accepting applications,Public Policy,https://blog.google/outreach-initiatives/public-policy/2016-google-north-america-public-policy/,[],0,0,0,0,0
200,2015-12-16 00:00:00+00:00,Search on: 2015 in Google Search,Search,https://blog.google/products/search/2015-year-in-search/,[],0,0,0,0,0
201,2015-12-03 00:00:00+00:00,Powering the Internet with renewable energy,Sustainability,https://blog.google/outreach-initiatives/environment/powering-internet-renewable-energy/,[],0,0,0,0,0
202,2015-07-27 00:00:00+00:00,Rising to the climate challenge,Sustainability,https://blog.google/outreach-initiatives/environment/rising-to-climate-challenge/,['health_disinfo'],0,0,1,0,0
203,2015-06-26 00:00:00+00:00,Through the Google lens: Search trends June 19-25,Search,https://blog.google/products/search/through-google-lens-search-trends-june_26/,[],0,0,0,0,0
204,2015-05-14 17:24:00+00:00,"New data, more facts: an update to the Transparency Report",Public Policy,https://blog.google/outreach-initiatives/public-policy/new-data-more-facts-update-to/,[],0,0,0,0,0
205,2015-04-15 15:52:00+00:00,Android has helped create more choice and innovation on mobile than ever before,Android,https://blog.google/products/android/android-has-helped-create-more-choice/,[],0,0,0,0,0
206,2015-04-15 15:27:00+00:00,The Search for Harm,Public Policy,https://blog.google/outreach-initiatives/public-policy/the-search-for-harm/,[],0,0,0,0,0
207,2014-11-07 14:04:00+00:00,Through the Google lens: search trends October 31 - November 6,Search,https://blog.google/products/search/through-google-lens-search-trends-nov_6/,['safety'],0,0,0,0,1
208,2014-07-11 15:07:00+00:00,Searching for the right balance,Public Policy,https://blog.google/outreach-initiatives/public-policy/searching-for-right-balance/,[],0,0,0,0,0
209,2014-03-27 14:50:00+00:00,Transparency Report: Requests for user information up 120 percent over four years,Public Policy,https://blog.google/outreach-initiatives/public-policy/transparency-report-requests-for-user/,[],0,0,0,0,0
210,2014-03-11 17:16:00+00:00,"On the 25th anniversary of the web, let’s keep it free and open",Public Policy,https://blog.google/outreach-initiatives/public-policy/on-25th-anniversary-of-web-lets-keep-it/,['health_disinfo'],0,0,1,0,0
211,2013-12-19 16:35:00+00:00,Transparency Report: Government removal requests continue to rise,Public Policy,https://blog.google/outreach-initiatives/public-policy/transparency-report-government-removal/,[],0,0,0,0,0
212,2013-11-14 12:09:00+00:00,Government requests for user information double over three years,Public Policy,https://blog.google/outreach-initiatives/public-policy/government-requests-for-user/,[],0,0,0,0,0
213,2013-09-23 12:48:00+00:00,Explore the world’s constitutions with a new online tool,Public Policy,https://blog.google/outreach-initiatives/public-policy/explore-worlds-constitutions-with-new/,[],0,0,0,0,0
214,2013-09-09 15:31:00+00:00,A petition for greater transparency,Public Policy,https://blog.google/outreach-initiatives/public-policy/petition-greater-transparency/,[],0,0,0,0,0
215,2013-06-07 11:59:00+00:00,What the ...?,Safety & Security,https://blog.google/technology/safety-security/what/,['safety'],0,0,0,0,1
216,2013-04-26 10:40:00+00:00,The Big Tent comes to Washington,Public Policy,https://blog.google/outreach-initiatives/public-policy/the-big-tent-comes-to-washington/,[],0,0,0,0,0
217,2013-04-25 10:45:00+00:00,Transparency Report: More government removal requests than ever before,Public Policy,https://blog.google/outreach-initiatives/public-policy/transparency-report-more-government/,['political_disinfo'],0,0,0,1,0
218,2013-03-05 17:04:00+00:00,Transparency Report: Shedding more light on National Security Letters,Safety & Security,https://blog.google/technology/safety-security/transparency-report-shedding-more-light/,['safety'],0,0,0,0,1
219,2013-02-27 17:49:00+00:00,Support free expression: Vote for the Netizen of the Year,Public Policy,https://blog.google/outreach-initiatives/public-policy/support-free-expression-vote-for/,[],0,0,0,0,0
220,2013-02-20 12:35:00+00:00,Fireside Hangouts: Join First Lady Michelle Obama in a Google+ Hangout to discuss Let’s Move!,,https://blog.google/products/google-plus/fireside-hangouts-join-first-lady/,"['children', 'health_disinfo']",1,0,0,0,0
220,2013-02-20 12:35:00+00:00,Fireside Hangouts: Join First Lady Michelle Obama in a Google+ Hangout to discuss Let’s Move!,,https://blog.google/products/google-plus/fireside-hangouts-join-first-lady/,"['children', 'health_disinfo']",0,0,1,0,0
221,2013-01-23 11:12:00+00:00,Fireside Hangouts: Join Vice President Biden in a discussion about gun violence,,https://blog.google/products/google-plus/fireside-hangouts-join-vice-president/,[],0,0,0,0,0
222,2013-01-03 13:39:00+00:00,The Federal Trade Commission closes its antitrust review,Public Policy,https://blog.google/outreach-initiatives/public-policy/the-federal-trade-commission-closes-its/,[],0,0,0,0,0
223,2012-12-02 15:38:00+00:00,Keep the Internet free and open,Public Policy,https://blog.google/outreach-initiatives/public-policy/keep-internet-free-and-open/,[],0,0,0,0,0
224,2012-07-03 11:39:00+00:00,Celebrate freedom. Support a free and open Internet.,Public Policy,https://blog.google/outreach-initiatives/public-policy/celebrate-freedom-support-free-and-open/,[],0,0,0,0,0
